latitude,longitude,severity,area,area_name
28.633689,77.218376,0.7848910246568841,28.6315,Connaught Place
28.629387,77.219238,0.8888895967714474,28.6315,Connaught Place
28.629121,77.215732,0.80205586995855,28.6315,Connaught Place
28.635946,77.215757,0.8422735258965599,28.6315,Connaught Place
28.632512,77.218381,0.8715410501503941,28.6315,Connaught Place
28.632617,77.218054,0.8079921761518736,28.6315,Connaught Place
28.631129,77.215391,0.8771577134152597,28.6315,Connaught Place
28.630782,77.21489,0.8611797774387341,28.6315,Connaught Place
28.630487,77.212711,0.8340164391821349,28.6315,Connaught Place
28.630353,77.214379,0.898413917729574,28.6315,Connaught Place
28.63093,77.216447,0.8896673617599963,28.6315,Connaught Place
28.632522,77.215167,0.793335639299826,28.6315,Connaught Place
28.630192,77.216142,0.8579269845538356,28.6315,Connaught Place
28.634853,77.217249,0.8309131053000836,28.6315,Connaught Place
28.632302,77.217997,0.8723265588014972,28.6315,Connaught Place
28.628615,77.220583,0.7776443763788456,28.6315,Connaught Place
28.631415,77.217662,0.9149614148893033,28.6315,Connaught Place
28.634157,77.218796,0.8330483462049718,28.6315,Connaught Place
28.633163,77.220522,0.7776971072805773,28.6315,Connaught Place
28.629133,77.215126,0.8380322186263488,28.6315,Connaught Place
28.630907,77.217931,0.8678435529574754,28.6315,Connaught Place
28.626208,77.213333,0.7811656926221845,28.6315,Connaught Place
28.632713,77.210076,0.8919063283947191,28.6315,Connaught Place
28.626085,77.217737,0.8633855731171918,28.6315,Connaught Place
28.632456,77.214605,0.8578524283722672,28.6315,Connaught Place
28.630581,77.221965,0.8640343383475713,28.6315,Connaught Place
28.632062,77.221826,0.8017441618883814,28.6315,Connaught Place
28.63051,77.219212,0.8965786506437122,28.6315,Connaught Place
28.633301,77.220151,0.827250825982961,28.6315,Connaught Place
28.628553,77.2163,0.9153000870853412,28.6315,Connaught Place
28.631455,77.214139,0.8591617218610953,28.6315,Connaught Place
28.631837,77.217253,0.8308406339432006,28.6315,Connaught Place
28.632132,77.21256,0.8302697438570205,28.6315,Connaught Place
28.63321,77.218823,0.8821969396638428,28.6315,Connaught Place
28.63168,77.217327,0.8332938279649593,28.6315,Connaught Place
28.635381,77.214536,0.825791528333321,28.6315,Connaught Place
28.631065,77.218828,0.8152028694164648,28.6315,Connaught Place
28.632985,77.218754,0.8614114165069452,28.6315,Connaught Place
28.623983,77.21848,0.8204646493018256,28.6315,Connaught Place
28.631962,77.221506,0.8418667039727546,28.6315,Connaught Place
28.631093,77.217169,0.9061930365396322,28.6315,Connaught Place
28.631878,77.221823,0.795160721077268,28.6315,Connaught Place
28.635933,77.223311,0.9364348822202796,28.6315,Connaught Place
28.631277,77.217845,0.8433088517741979,28.6315,Connaught Place
28.632501,77.217097,0.8735769261272569,28.6315,Connaught Place
28.634402,77.213394,0.8139220983228576,28.6315,Connaught Place
28.630205,77.215992,0.869292327627825,28.6315,Connaught Place
28.632264,77.215196,0.8631374612573569,28.6315,Connaught Place
28.634218,77.2163,0.8264237596275026,28.6315,Connaught Place
28.62799,77.215778,0.8576281256051234,28.6315,Connaught Place
28.630928,77.222973,0.8314042709339355,28.6315,Connaught Place
28.631299,77.216956,0.8335737388438553,28.6315,Connaught Place
28.634168,77.214937,0.9366155802704972,28.6315,Connaught Place
28.632512,77.213459,0.8351714523232645,28.6315,Connaught Place
28.630776,77.214417,0.840467447124742,28.6315,Connaught Place
28.634215,77.215383,0.8466523413550899,28.6315,Connaught Place
28.631683,77.215983,0.79931413167798,28.6315,Connaught Place
28.63323,77.220354,0.9077656018053348,28.6315,Connaught Place
28.632571,77.212883,0.9308104840825604,28.6315,Connaught Place
28.62935,77.218075,0.8214528169239103,28.6315,Connaught Place
28.630995,77.221131,0.8068327367630309,28.6315,Connaught Place
28.62939,77.217689,0.8437495484840211,28.6315,Connaught Place
28.625214,77.217634,0.850571302778033,28.6315,Connaught Place
28.633894,77.212973,0.8397419155566977,28.6315,Connaught Place
28.631006,77.216866,0.7698870229470537,28.6315,Connaught Place
28.632827,77.21585,0.8638137089664276,28.6315,Connaught Place
28.634015,77.216684,0.8168812520455873,28.6315,Connaught Place
28.631664,77.219938,0.8410194293084271,28.6315,Connaught Place
28.635012,77.217625,0.8441228916335934,28.6315,Connaught Place
28.635011,77.211152,0.8160867779922412,28.6315,Connaught Place
28.633526,77.21296,0.846543103263693,28.6315,Connaught Place
28.630905,77.209704,0.8055933073133174,28.6315,Connaught Place
28.632685,77.217181,0.7979728030421233,28.6315,Connaught Place
28.636736,77.220577,0.8233049880813222,28.6315,Connaught Place
28.630524,77.216156,0.8680960926964422,28.6315,Connaught Place
28.627331,77.210229,0.9057296222288689,28.6315,Connaught Place
28.633782,77.219118,0.8534690567566389,28.6315,Connaught Place
28.628774,77.213194,0.8656954105728777,28.6315,Connaught Place
28.635233,77.21768,0.8353404206675619,28.6315,Connaught Place
28.629376,77.208922,0.8357818080979952,28.6315,Connaught Place
28.642668,77.216017,0.9003169531181134,28.6448,Paharganj
28.647828,77.213033,0.8971608402803655,28.6448,Paharganj
28.643326,77.214962,0.9306242955275033,28.6448,Paharganj
28.643609,77.217223,0.8845663472226794,28.6448,Paharganj
28.64679,77.212034,0.9681931114906955,28.6448,Paharganj
28.648944,77.213638,1.0,28.6448,Paharganj
28.643234,77.216418,0.904973873650787,28.6448,Paharganj
28.645608,77.216476,0.9448907704205274,28.6448,Paharganj
28.647588,77.218819,0.9701910696033279,28.6448,Paharganj
28.64346,77.215198,0.8819114761277914,28.6448,Paharganj
28.644589,77.21579,0.8730614341191129,28.6448,Paharganj
28.646936,77.211249,0.9123832950554471,28.6448,Paharganj
28.643594,77.216428,0.9353424820449525,28.6448,Paharganj
28.646133,77.212863,0.8956452914473745,28.6448,Paharganj
28.642499,77.214919,0.8743114480114905,28.6448,Paharganj
28.645191,77.215808,0.9450092282009982,28.6448,Paharganj
28.643644,77.218383,0.8275936370292476,28.6448,Paharganj
28.647281,77.214575,0.9668093050006086,28.6448,Paharganj
28.647691,77.214125,0.8853110539923935,28.6448,Paharganj
28.644413,77.214747,0.9117724184154965,28.6448,Paharganj
28.645428,77.210774,0.8739705793572294,28.6448,Paharganj
28.646017,77.209976,0.963722360847062,28.6448,Paharganj
28.645794,77.215168,0.8157201341307596,28.6448,Paharganj
28.645144,77.212288,0.8596700547846314,28.6448,Paharganj
28.644346,77.214403,0.8779673789215129,28.6448,Paharganj
28.642858,77.216479,0.8794180838891895,28.6448,Paharganj
28.648204,77.209791,0.8797365367275334,28.6448,Paharganj
28.644934,77.215269,0.9289780571238239,28.6448,Paharganj
28.644225,77.217084,0.8831337418965747,28.6448,Paharganj
28.647581,77.213034,0.9923912506478023,28.6448,Paharganj
28.647326,77.215221,0.8565476376067609,28.6448,Paharganj
28.644829,77.21225,0.8548788452603744,28.6448,Paharganj
28.647246,77.213108,0.873864065191516,28.6448,Paharganj
28.646672,77.218057,1.0,28.6448,Paharganj
28.642343,77.215321,0.9625862504282597,28.6448,Paharganj
28.64545,77.216616,0.9395400860589495,28.6448,Paharganj
28.641257,77.216708,0.9476026826569945,28.6448,Paharganj
28.645045,77.215022,0.8542421942077038,28.6448,Paharganj
28.643427,77.216288,0.9524586810720674,28.6448,Paharganj
28.644148,77.215329,0.8993176604102352,28.6448,Paharganj
28.642126,77.215101,0.8218261026065656,28.6448,Paharganj
28.643235,77.21854,0.7859631077314039,28.6448,Paharganj
28.64508,77.214751,0.8429919540436885,28.6448,Paharganj
28.645317,77.215596,0.9139071863227314,28.6448,Paharganj
28.643642,77.213658,0.9500872698825754,28.6448,Paharganj
28.647796,77.210405,0.9898797261217158,28.6448,Paharganj
28.647617,77.213104,0.8492466047135592,28.6448,Paharganj
28.64278,77.213212,0.9624832633521889,28.6448,Paharganj
28.643575,77.216914,0.9041810538705278,28.6448,Paharganj
28.644502,77.215656,0.9127606708427938,28.6448,Paharganj
28.64629,77.218128,0.9030192964212209,28.6448,Paharganj
28.644193,77.214493,0.9005722719545733,28.6448,Paharganj
28.644464,77.217511,0.8626950871673743,28.6448,Paharganj
28.645409,77.21498,0.9497850692949962,28.6448,Paharganj
28.641942,77.213761,0.917230245237518,28.6448,Paharganj
28.646434,77.214705,0.8840446701494551,28.6448,Paharganj
28.642642,77.216505,0.8685966958137313,28.6448,Paharganj
28.646811,77.214336,0.8759379438067294,28.6448,Paharganj
28.64166,77.215587,0.8069077423378744,28.6448,Paharganj
28.644563,77.212629,0.9197966937215412,28.6448,Paharganj
28.653453,77.18569,0.803686899748848,28.652,Karol Bagh
28.648657,77.194708,0.907684551335054,28.652,Karol Bagh
28.650271,77.189901,0.7846367735024268,28.652,Karol Bagh
28.648971,77.194357,0.8339287957255903,28.652,Karol Bagh
28.653988,77.19034,0.770899029008485,28.652,Karol Bagh
28.652209,77.191768,0.7528912416814546,28.652,Karol Bagh
28.650145,77.191247,0.8562141338728113,28.652,Karol Bagh
28.650688,77.196174,0.8148289943212683,28.652,Karol Bagh
28.653623,77.190437,0.7653338071056308,28.652,Karol Bagh
28.653799,77.188015,0.7783481638601993,28.652,Karol Bagh
28.652971,77.189515,0.7861991347159315,28.652,Karol Bagh
28.652155,77.188192,0.8126278755040915,28.652,Karol Bagh
28.654214,77.192843,0.8234959790497413,28.652,Karol Bagh
28.652027,77.192038,0.86937025725232,28.652,Karol Bagh
28.65205,77.196739,0.7259600786012971,28.652,Karol Bagh
28.650144,77.190764,0.9141087440102025,28.652,Karol Bagh
28.653639,77.192883,0.842416203298658,28.652,Karol Bagh
28.65296,77.195022,0.8156061628792189,28.652,Karol Bagh
28.649311,77.188525,0.880015312912966,28.652,Karol Bagh
28.653034,77.188425,0.6375793587392607,28.652,Karol Bagh
28.652403,77.191149,0.8885270494307066,28.652,Karol Bagh
28.652412,77.192927,0.8265513558096709,28.652,Karol Bagh
28.651776,77.192297,0.7828903953001282,28.652,Karol Bagh
28.648921,77.193795,0.8508407099844889,28.652,Karol Bagh
28.651392,77.190498,0.8421906354691552,28.652,Karol Bagh
28.65359,77.18837,0.8515990741880697,28.652,Karol Bagh
28.651719,77.191937,0.8939637255337114,28.652,Karol Bagh
28.65108,77.185548,0.8260588974649731,28.652,Karol Bagh
28.649821,77.192616,0.851695518886687,28.652,Karol Bagh
28.651014,77.189155,0.8389421301729196,28.652,Karol Bagh
28.652024,77.192289,0.7689477419660838,28.652,Karol Bagh
28.650753,77.188224,0.8358023935322143,28.652,Karol Bagh
28.648043,77.186464,0.872276613739484,28.652,Karol Bagh
28.64833,77.194036,0.8199303674278325,28.652,Karol Bagh
28.65069,77.19406,0.86869470641087,28.652,Karol Bagh
28.655543,77.188532,0.847129723164598,28.652,Karol Bagh
28.65216,77.188706,0.9422565072529459,28.652,Karol Bagh
28.651964,77.19184,0.8422363409097616,28.652,Karol Bagh
28.653258,77.193521,0.8169874076799356,28.652,Karol Bagh
28.652094,77.190302,0.7642691518466036,28.652,Karol Bagh
28.649456,77.192528,0.9604605430614751,28.652,Karol Bagh
28.652373,77.189377,0.823095824183998,28.652,Karol Bagh
28.653794,77.195098,0.8061649954957143,28.652,Karol Bagh
28.653193,77.190932,0.8813146477824474,28.652,Karol Bagh
28.648541,77.19198,0.8507049588556311,28.652,Karol Bagh
28.654176,77.186629,0.7802700272437472,28.652,Karol Bagh
28.649171,77.191177,0.8079781401464828,28.652,Karol Bagh
28.650307,77.190583,0.7705686425282696,28.652,Karol Bagh
28.655676,77.191932,0.8064922435331452,28.652,Karol Bagh
28.654212,77.185906,0.8068463287771823,28.652,Karol Bagh
28.651925,77.192815,0.8218613918210788,28.652,Karol Bagh
28.652245,77.192423,0.7928414584471942,28.652,Karol Bagh
28.652921,77.193072,0.8715097701576365,28.652,Karol Bagh
28.649725,77.191865,0.8255306561289338,28.652,Karol Bagh
28.652983,77.197035,0.8018369676215596,28.652,Karol Bagh
28.65338,77.188078,0.9100870973873573,28.652,Karol Bagh
28.651819,77.194218,0.7701074008377986,28.652,Karol Bagh
28.651618,77.194331,0.8408735979371007,28.652,Karol Bagh
28.653187,77.191009,0.7511806250461026,28.652,Karol Bagh
28.650459,77.191336,0.8703755385493279,28.652,Karol Bagh
28.652355,77.192134,0.7736733444421424,28.652,Karol Bagh
28.65463,77.196987,0.8148801646694451,28.652,Karol Bagh
28.650729,77.192811,0.8348755535592777,28.652,Karol Bagh
28.655062,77.193529,0.7510995361576066,28.652,Karol Bagh
28.652022,77.190072,0.8845281881160587,28.652,Karol Bagh
28.650261,77.194955,0.7911676353883152,28.652,Karol Bagh
28.648296,77.191036,0.8243252770960731,28.652,Karol Bagh
28.652976,77.193985,0.8975940060061244,28.652,Karol Bagh
28.649578,77.192267,0.8233993313025544,28.652,Karol Bagh
28.650142,77.191673,0.8958396328569623,28.652,Karol Bagh
28.649563,77.232622,0.8780730869078294,28.6506,Old Delhi / Chandni Chowk
28.651424,77.235046,0.8576421171335027,28.6506,Old Delhi / Chandni Chowk
28.648077,77.228882,0.9096777347452784,28.6506,Old Delhi / Chandni Chowk
28.646339,77.228271,0.8811677658057278,28.6506,Old Delhi / Chandni Chowk
28.650543,77.229313,0.7714692295102294,28.6506,Old Delhi / Chandni Chowk
28.650438,77.231232,0.8788383144574817,28.6506,Old Delhi / Chandni Chowk
28.651352,77.225466,0.7735401055399991,28.6506,Old Delhi / Chandni Chowk
28.65232,77.235642,0.8317324402595618,28.6506,Old Delhi / Chandni Chowk
28.645011,77.231633,0.8674448705981543,28.6506,Old Delhi / Chandni Chowk
28.650524,77.230949,0.8209999610766371,28.6506,Old Delhi / Chandni Chowk
28.652783,77.228391,0.8698529028162315,28.6506,Old Delhi / Chandni Chowk
28.649621,77.22892,0.8788876102575395,28.6506,Old Delhi / Chandni Chowk
28.650695,77.231376,0.873809535283517,28.6506,Old Delhi / Chandni Chowk
28.6468,77.233843,0.9005985791063377,28.6506,Old Delhi / Chandni Chowk
28.647819,77.22734,0.8401058618190752,28.6506,Old Delhi / Chandni Chowk
28.653968,77.229881,0.8963421735194012,28.6506,Old Delhi / Chandni Chowk
28.651984,77.230228,0.8154058865884155,28.6506,Old Delhi / Chandni Chowk
28.652727,77.229482,0.8594830013327446,28.6506,Old Delhi / Chandni Chowk
28.650051,77.232461,0.8610156737428719,28.6506,Old Delhi / Chandni Chowk
28.650099,77.228795,0.8042622612103231,28.6506,Old Delhi / Chandni Chowk
28.652134,77.224992,0.9078037636911576,28.6506,Old Delhi / Chandni Chowk
28.648979,77.231099,0.8641280722581159,28.6506,Old Delhi / Chandni Chowk
28.652439,77.232008,0.8968200469344936,28.6506,Old Delhi / Chandni Chowk
28.650991,77.231578,0.7864390941969507,28.6506,Old Delhi / Chandni Chowk
28.655577,77.230082,0.9391265370876328,28.6506,Old Delhi / Chandni Chowk
28.648486,77.229793,0.8927953425052112,28.6506,Old Delhi / Chandni Chowk
28.648526,77.228741,0.8016034791784751,28.6506,Old Delhi / Chandni Chowk
28.64594,77.233086,0.9285569503411456,28.6506,Old Delhi / Chandni Chowk
28.649488,77.233561,0.889065710893071,28.6506,Old Delhi / Chandni Chowk
28.651026,77.231767,0.8664535934921096,28.6506,Old Delhi / Chandni Chowk
28.648145,77.230756,0.8580006147735145,28.6506,Old Delhi / Chandni Chowk
28.65109,77.234909,0.8727986169972661,28.6506,Old Delhi / Chandni Chowk
28.6489,77.2312,0.8637227494240234,28.6506,Old Delhi / Chandni Chowk
28.648357,77.22789,0.994979454651866,28.6506,Old Delhi / Chandni Chowk
28.652747,77.230281,0.8373120388706294,28.6506,Old Delhi / Chandni Chowk
28.647729,77.231746,0.8086431798906879,28.6506,Old Delhi / Chandni Chowk
28.650595,77.230548,0.8704619769832725,28.6506,Old Delhi / Chandni Chowk
28.651771,77.234812,0.9024989170673274,28.6506,Old Delhi / Chandni Chowk
28.65189,77.233794,0.92390292894541,28.6506,Old Delhi / Chandni Chowk
28.651111,77.231499,0.8488729923667223,28.6506,Old Delhi / Chandni Chowk
28.650578,77.228936,0.9155988511495525,28.6506,Old Delhi / Chandni Chowk
28.651162,77.232184,0.8694133098727803,28.6506,Old Delhi / Chandni Chowk
28.650158,77.234394,0.8833956584584668,28.6506,Old Delhi / Chandni Chowk
28.651058,77.224597,0.8442561719051245,28.6506,Old Delhi / Chandni Chowk
28.646374,77.232106,0.9399259918258347,28.6506,Old Delhi / Chandni Chowk
28.649027,77.230082,0.9290739874654058,28.6506,Old Delhi / Chandni Chowk
28.651457,77.229517,0.8334867656364975,28.6506,Old Delhi / Chandni Chowk
28.650191,77.234983,0.9481925162466345,28.6506,Old Delhi / Chandni Chowk
28.651928,77.233645,0.8016470874882281,28.6506,Old Delhi / Chandni Chowk
28.649899,77.229166,0.8435694757370237,28.6506,Old Delhi / Chandni Chowk
28.652881,77.234044,0.8391712446272213,28.6506,Old Delhi / Chandni Chowk
28.65048,77.232383,0.9164857836891854,28.6506,Old Delhi / Chandni Chowk
28.65011,77.231435,0.8073200360034185,28.6506,Old Delhi / Chandni Chowk
28.651174,77.231062,0.9394811002643821,28.6506,Old Delhi / Chandni Chowk
28.650549,77.227731,0.7627828345790563,28.6506,Old Delhi / Chandni Chowk
28.653282,77.22729,0.8713081149952692,28.6506,Old Delhi / Chandni Chowk
28.651677,77.230258,0.9588884102465943,28.6506,Old Delhi / Chandni Chowk
28.650813,77.231655,0.8643822279172065,28.6506,Old Delhi / Chandni Chowk
28.651907,77.22657,0.8944109531545162,28.6506,Old Delhi / Chandni Chowk
28.648985,77.232202,1.0,28.6506,Old Delhi / Chandni Chowk
28.650161,77.230301,0.9180927387021232,28.6506,Old Delhi / Chandni Chowk
28.651013,77.234234,0.898753107594617,28.6506,Old Delhi / Chandni Chowk
28.653903,77.234823,0.8941534294004995,28.6506,Old Delhi / Chandni Chowk
28.647673,77.230319,0.8064442382807555,28.6506,Old Delhi / Chandni Chowk
28.650858,77.234906,0.8826728956308737,28.6506,Old Delhi / Chandni Chowk
28.660108,77.209126,0.8636441384377332,28.6587,Sadar Bazar
28.659356,77.207542,0.7120092146152268,28.6587,Sadar Bazar
28.657919,77.209048,0.8899143850461532,28.6587,Sadar Bazar
28.658139,77.213043,0.7650659782007585,28.6587,Sadar Bazar
28.65889,77.208401,0.7192474554707606,28.6587,Sadar Bazar
28.65929,77.213646,0.7487294936111049,28.6587,Sadar Bazar
28.659691,77.20882,0.8123973780425938,28.6587,Sadar Bazar
28.658612,77.2122,0.7309025484318185,28.6587,Sadar Bazar
28.658727,77.211251,0.7131142702431434,28.6587,Sadar Bazar
28.658618,77.207618,0.8118413058394014,28.6587,Sadar Bazar
28.661167,77.207716,0.7709519905734259,28.6587,Sadar Bazar
28.658833,77.209994,0.7708159821596909,28.6587,Sadar Bazar
28.660148,77.211652,0.7668649295822368,28.6587,Sadar Bazar
28.655753,77.208247,0.8036637657292849,28.6587,Sadar Bazar
28.658303,77.208201,0.7741744628919585,28.6587,Sadar Bazar
28.65852,77.213143,0.7805683409466592,28.6587,Sadar Bazar
28.66124,77.206435,0.7711501814311233,28.6587,Sadar Bazar
28.659948,77.209195,0.7671814553225946,28.6587,Sadar Bazar
28.658001,77.209438,0.748464148403383,28.6587,Sadar Bazar
28.660707,77.211249,0.7474056363550794,28.6587,Sadar Bazar
28.658649,77.208801,0.7774307774517802,28.6587,Sadar Bazar
28.659594,77.209604,0.7326598725610217,28.6587,Sadar Bazar
28.657537,77.209969,0.6781812168376339,28.6587,Sadar Bazar
28.658211,77.210279,0.8150776153406453,28.6587,Sadar Bazar
28.659019,77.207112,0.7073919072299399,28.6587,Sadar Bazar
28.659411,77.211518,0.7980146858826511,28.6587,Sadar Bazar
28.658987,77.212778,0.8238517563613229,28.6587,Sadar Bazar
28.658691,77.2138,0.8085088471595967,28.6587,Sadar Bazar
28.658133,77.209328,0.6946155306192798,28.6587,Sadar Bazar
28.658045,77.212248,0.8430264853980723,28.6587,Sadar Bazar
28.657343,77.209627,0.8289330816907584,28.6587,Sadar Bazar
28.657747,77.211975,0.7706339618618111,28.6587,Sadar Bazar
28.659086,77.213246,0.8016347612626635,28.6587,Sadar Bazar
28.658392,77.209577,0.7850331046124139,28.6587,Sadar Bazar
28.660341,77.207484,0.8196688435127049,28.6587,Sadar Bazar
28.658986,77.209154,0.8144942737959201,28.6587,Sadar Bazar
28.659552,77.211437,0.8435967183259726,28.6587,Sadar Bazar
28.656864,77.210178,0.8364914394507765,28.6587,Sadar Bazar
28.655948,77.214292,0.7771595009630669,28.6587,Sadar Bazar
28.658968,77.208294,0.721939853890556,28.6587,Sadar Bazar
28.658777,77.213246,0.7866793232962412,28.6587,Sadar Bazar
28.659131,77.209126,0.7722713797179777,28.6587,Sadar Bazar
28.661357,77.209157,0.8016185050363516,28.6587,Sadar Bazar
28.657217,77.209547,0.8275929385765647,28.6587,Sadar Bazar
28.658213,77.205756,0.7039247734725681,28.6587,Sadar Bazar
28.591597,77.040618,0.7633112600429264,28.5921,Dwarka Sector 10
28.59176,77.042128,0.652495044093679,28.5921,Dwarka Sector 10
28.58825,77.041951,0.6562690798992247,28.5921,Dwarka Sector 10
28.596012,77.048765,0.682391956596624,28.5921,Dwarka Sector 10
28.591982,77.0466,0.6311800851828853,28.5921,Dwarka Sector 10
28.594084,77.045312,0.7056816932067412,28.5921,Dwarka Sector 10
28.593169,77.047737,0.6832806121304349,28.5921,Dwarka Sector 10
28.589687,77.04764,0.7082082878092909,28.5921,Dwarka Sector 10
28.591526,77.045084,0.6253414419380947,28.5921,Dwarka Sector 10
28.592858,77.043832,0.7215523600244277,28.5921,Dwarka Sector 10
28.590959,77.047917,0.6796859089657658,28.5921,Dwarka Sector 10
28.591637,77.04561,0.7243933818540363,28.5921,Dwarka Sector 10
28.594775,77.045635,0.6974024510073246,28.5921,Dwarka Sector 10
28.593338,77.04589,0.7152902712324583,28.5921,Dwarka Sector 10
28.592818,77.045886,0.7529398684183096,28.5921,Dwarka Sector 10
28.593792,77.047235,0.7490925219653539,28.5921,Dwarka Sector 10
28.588634,77.045887,0.65332628406329,28.5921,Dwarka Sector 10
28.589839,77.045497,0.7854123303439955,28.5921,Dwarka Sector 10
28.592656,77.047958,0.696872214183771,28.5921,Dwarka Sector 10
28.590292,77.048877,0.8158222438367705,28.5921,Dwarka Sector 10
28.592527,77.048101,0.7251128329823707,28.5921,Dwarka Sector 10
28.592213,77.047781,0.7383225573285775,28.5921,Dwarka Sector 10
28.591011,77.040672,0.6476497711792492,28.5921,Dwarka Sector 10
28.593788,77.049951,0.7682275341119666,28.5921,Dwarka Sector 10
28.593842,77.047605,0.6211125468816435,28.5921,Dwarka Sector 10
28.590478,77.047765,0.722687628149525,28.5921,Dwarka Sector 10
28.592161,77.046223,0.7279224025249867,28.5921,Dwarka Sector 10
28.590724,77.049647,0.7433909891454829,28.5921,Dwarka Sector 10
28.592341,77.043426,0.7592344358065843,28.5921,Dwarka Sector 10
28.590439,77.043169,0.7585937146184913,28.5921,Dwarka Sector 10
28.593006,77.046729,0.7305693237524133,28.5921,Dwarka Sector 10
28.59056,77.047401,0.7070395370342458,28.5921,Dwarka Sector 10
28.591134,77.048068,0.7222108501450091,28.5921,Dwarka Sector 10
28.591364,77.047125,0.6938113610729382,28.5921,Dwarka Sector 10
28.592658,77.043135,0.7362044611160024,28.5921,Dwarka Sector 10
28.592564,77.044845,0.7829557424667368,28.5921,Dwarka Sector 10
28.591947,77.045053,0.6852868118875965,28.5921,Dwarka Sector 10
28.592032,77.047433,0.7565746203970467,28.5921,Dwarka Sector 10
28.59162,77.047103,0.6795273135451336,28.5921,Dwarka Sector 10
28.595562,77.045994,0.7489581082613925,28.5921,Dwarka Sector 10
28.594512,77.048392,0.6345386948044922,28.5921,Dwarka Sector 10
28.590529,77.04704,0.6591698142355298,28.5921,Dwarka Sector 10
28.594223,77.046601,0.7013295531588059,28.5921,Dwarka Sector 10
28.592041,77.038748,0.7208667314575653,28.5921,Dwarka Sector 10
28.591803,77.047114,0.6734463256028949,28.5921,Dwarka Sector 10
28.592028,77.047094,0.7207036041436752,28.5921,Dwarka Sector 10
28.590451,77.047789,0.7502395791275284,28.5921,Dwarka Sector 10
28.595745,77.047605,0.6982899783370558,28.5921,Dwarka Sector 10
28.590109,77.045069,0.7206949104666255,28.5921,Dwarka Sector 10
28.590251,77.043787,0.6815822170226044,28.5921,Dwarka Sector 10
28.617682,77.057639,0.7789640985660466,28.6214,Uttam Nagar
28.618644,77.064215,0.8291414723386668,28.6214,Uttam Nagar
28.621826,77.060685,0.734751339064345,28.6214,Uttam Nagar
28.619509,77.065955,0.7189740689675669,28.6214,Uttam Nagar
28.622063,77.058949,0.7457740059244263,28.6214,Uttam Nagar
28.618743,77.058784,0.7623341574805372,28.6214,Uttam Nagar
28.615858,77.064789,0.7402510056940107,28.6214,Uttam Nagar
28.618637,77.059273,0.7272259375572592,28.6214,Uttam Nagar
28.621187,77.062222,0.5968110066843801,28.6214,Uttam Nagar
28.620336,77.058529,0.7506677795771837,28.6214,Uttam Nagar
28.62396,77.056025,0.863871522427805,28.6214,Uttam Nagar
28.6209,77.055131,0.728669750847045,28.6214,Uttam Nagar
28.623281,77.060539,0.7346940475770023,28.6214,Uttam Nagar
28.616457,77.062014,0.7253389077247044,28.6214,Uttam Nagar
28.623379,77.055141,0.7639620776966781,28.6214,Uttam Nagar
28.621056,77.06387,0.7702491159462338,28.6214,Uttam Nagar
28.619582,77.064899,0.7505858208859683,28.6214,Uttam Nagar
28.621841,77.059761,0.7999837009935995,28.6214,Uttam Nagar
28.622587,77.059614,0.7542330640366381,28.6214,Uttam Nagar
28.616968,77.0559,0.7404964163549628,28.6214,Uttam Nagar
28.621388,77.059485,0.7154115128498844,28.6214,Uttam Nagar
28.62148,77.05449,0.7598778141263752,28.6214,Uttam Nagar
28.620922,77.060193,0.8285667908041183,28.6214,Uttam Nagar
28.61607,77.059693,0.8240049601856958,28.6214,Uttam Nagar
28.625231,77.063501,0.7380781824509849,28.6214,Uttam Nagar
28.623909,77.060515,0.7150489073448036,28.6214,Uttam Nagar
28.618888,77.057479,0.724149288752282,28.6214,Uttam Nagar
28.616114,77.061711,0.7477502396178497,28.6214,Uttam Nagar
28.620469,77.059325,0.6920080357116517,28.6214,Uttam Nagar
28.620017,77.056808,0.7990095435835911,28.6214,Uttam Nagar
28.62082,77.063712,0.7322706226374321,28.6214,Uttam Nagar
28.621455,77.05955,0.6779324600132973,28.6214,Uttam Nagar
28.616508,77.061157,0.6336450101527344,28.6214,Uttam Nagar
28.621558,77.059426,0.8066894636282006,28.6214,Uttam Nagar
28.623152,77.054646,0.7551236183551578,28.6214,Uttam Nagar
28.624459,77.060355,0.7435131898405748,28.6214,Uttam Nagar
28.622993,77.05531,0.8801813149375205,28.6214,Uttam Nagar
28.621134,77.060959,0.7298418661534976,28.6214,Uttam Nagar
28.617627,77.060229,0.7197700691910229,28.6214,Uttam Nagar
28.621941,77.060003,0.6905559923201198,28.6214,Uttam Nagar
28.620095,77.060821,0.7508064707638002,28.6214,Uttam Nagar
28.622222,77.057474,0.7518240377807116,28.6214,Uttam Nagar
28.621656,77.059121,0.7059380776281975,28.6214,Uttam Nagar
28.618371,77.059044,0.792397937173185,28.6214,Uttam Nagar
28.625731,77.058257,0.7149116526866609,28.6214,Uttam Nagar
28.619695,77.056736,0.6403728254596296,28.6214,Uttam Nagar
28.61995,77.059583,0.7742226719624211,28.6214,Uttam Nagar
28.61903,77.057135,0.7346436463457108,28.6214,Uttam Nagar
28.62301,77.059383,0.7206742174540017,28.6214,Uttam Nagar
28.620685,77.056858,0.8391146896352356,28.6214,Uttam Nagar
28.622614,77.059234,0.7314291131958965,28.6214,Uttam Nagar
28.621745,77.055673,0.7572757402667798,28.6214,Uttam Nagar
28.624124,77.061135,0.7807220061446237,28.6214,Uttam Nagar
28.618358,77.060166,0.7477220936622729,28.6214,Uttam Nagar
28.620923,77.058267,0.6660444786188141,28.6214,Uttam Nagar
28.620727,77.064935,0.6450396828719378,28.6214,Uttam Nagar
28.623228,77.057181,0.8164078310447899,28.6214,Uttam Nagar
28.615619,77.056575,0.6595191515541385,28.6214,Uttam Nagar
28.623476,77.057187,0.7463390838008089,28.6214,Uttam Nagar
28.623303,77.054804,0.7004446842206324,28.6214,Uttam Nagar
28.620454,77.063286,0.7541359100931594,28.6214,Uttam Nagar
28.625435,77.059001,0.7734912461602483,28.6214,Uttam Nagar
28.617721,77.062475,0.6543110132585537,28.6214,Uttam Nagar
28.61916,77.061203,0.8089477289295824,28.6214,Uttam Nagar
28.620067,77.058429,0.6665982700055452,28.6214,Uttam Nagar
28.626275,77.081942,0.6796216351684425,28.629,Janakpuri
28.629576,77.081703,0.7568678775948902,28.629,Janakpuri
28.629158,77.086244,0.6391603410364872,28.629,Janakpuri
28.630853,77.081609,0.7370104739468368,28.629,Janakpuri
28.627725,77.080113,0.7094320075868702,28.629,Janakpuri
28.630968,77.081903,0.7620177046949156,28.629,Janakpuri
28.629001,77.084383,0.6881257039836824,28.629,Janakpuri
28.632307,77.083988,0.632473189640713,28.629,Janakpuri
28.630207,77.086126,0.6085592282886861,28.629,Janakpuri
28.630687,77.083733,0.6472128268783843,28.629,Janakpuri
28.630269,77.08685,0.6982743672519253,28.629,Janakpuri
28.631359,77.088973,0.668920191500095,28.629,Janakpuri
28.624621,77.083793,0.6680114493553204,28.629,Janakpuri
28.632299,77.080262,0.6617141607176896,28.629,Janakpuri
28.627266,77.080879,0.6369008822343313,28.629,Janakpuri
28.626887,77.084562,0.6711893470519013,28.629,Janakpuri
28.630616,77.082126,0.7153266256448915,28.629,Janakpuri
28.628883,77.085869,0.6880959683642535,28.629,Janakpuri
28.629603,77.086929,0.6889823340390028,28.629,Janakpuri
28.629946,77.081901,0.6167784819411394,28.629,Janakpuri
28.627387,77.079826,0.6682424676692783,28.629,Janakpuri
28.632722,77.087633,0.591181618057689,28.629,Janakpuri
28.631179,77.084421,0.7174882776829062,28.629,Janakpuri
28.625862,77.081213,0.6201205855482922,28.629,Janakpuri
28.631003,77.08305,0.5991520299917528,28.629,Janakpuri
28.628858,77.081824,0.767632377727547,28.629,Janakpuri
28.627674,77.081798,0.67181179479389,28.629,Janakpuri
28.62792,77.084251,0.6294565541071842,28.629,Janakpuri
28.631872,77.085097,0.684723499590982,28.629,Janakpuri
28.627999,77.086091,0.6745731683657422,28.629,Janakpuri
28.628294,77.083918,0.7080164589116129,28.629,Janakpuri
28.63046,77.08534,0.7237138839459533,28.629,Janakpuri
28.628139,77.083967,0.6939166469785253,28.629,Janakpuri
28.628276,77.083548,0.6803603530188186,28.629,Janakpuri
28.628038,77.083356,0.6029632751867959,28.629,Janakpuri
28.63087,77.086503,0.7721075329284133,28.629,Janakpuri
28.631212,77.083293,0.7285248990431866,28.629,Janakpuri
28.629569,77.084583,0.7398169742685123,28.629,Janakpuri
28.630221,77.082968,0.6467706663870703,28.629,Janakpuri
28.627902,77.084053,0.67224348552338,28.629,Janakpuri
28.63225,77.083686,0.6769491324485797,28.629,Janakpuri
28.627897,77.080846,0.6408299473051691,28.629,Janakpuri
28.623706,77.081173,0.6832294828471611,28.629,Janakpuri
28.629104,77.087223,0.6858490117011944,28.629,Janakpuri
28.62895,77.083968,0.695279009595124,28.629,Janakpuri
28.641141,77.072906,0.7355756850959595,28.6398,Vikaspuri
28.641221,77.073149,0.7052992412957422,28.6398,Vikaspuri
28.6397,77.073232,0.6668599990213364,28.6398,Vikaspuri
28.635282,77.071711,0.6895550454895605,28.6398,Vikaspuri
28.638568,77.068665,0.6857505137869138,28.6398,Vikaspuri
28.645105,77.075063,0.7887960144272694,28.6398,Vikaspuri
28.641682,77.074094,0.6463523785630133,28.6398,Vikaspuri
28.638881,77.070262,0.6424789290972307,28.6398,Vikaspuri
28.640419,77.069402,0.6722390290291489,28.6398,Vikaspuri
28.64385,77.073218,0.7112224360959893,28.6398,Vikaspuri
28.639506,77.072543,0.746301451651957,28.6398,Vikaspuri
28.637504,77.072776,0.5841952402113617,28.6398,Vikaspuri
28.639778,77.070931,0.8075471741343345,28.6398,Vikaspuri
28.639783,77.071498,0.6300025332957827,28.6398,Vikaspuri
28.640729,77.073118,0.7073348565504423,28.6398,Vikaspuri
28.639794,77.068407,0.6427715406939797,28.6398,Vikaspuri
28.641002,77.069516,0.787261607584828,28.6398,Vikaspuri
28.637535,77.068357,0.7205267335394623,28.6398,Vikaspuri
28.639901,77.074013,0.7070478891347471,28.6398,Vikaspuri
28.639158,77.064388,0.7509723786308948,28.6398,Vikaspuri
28.640724,77.069565,0.6967319945842873,28.6398,Vikaspuri
28.639991,77.071919,0.8279885967164806,28.6398,Vikaspuri
28.640255,77.072497,0.6784519201433934,28.6398,Vikaspuri
28.641784,77.07201,0.7014795171382509,28.6398,Vikaspuri
28.640033,77.066809,0.7050082709752274,28.6398,Vikaspuri
28.64216,77.06959,0.7169555869880796,28.6398,Vikaspuri
28.638407,77.068957,0.6655098005325795,28.6398,Vikaspuri
28.638913,77.072475,0.7544491590202324,28.6398,Vikaspuri
28.643116,77.074667,0.6874412321380292,28.6398,Vikaspuri
28.640866,77.071036,0.7689225425159165,28.6398,Vikaspuri
28.638194,77.072495,0.722824598922177,28.6398,Vikaspuri
28.637581,77.067663,0.6314451128714691,28.6398,Vikaspuri
28.636597,77.068099,0.6470596770157832,28.6398,Vikaspuri
28.644073,77.072519,0.6864589171112232,28.6398,Vikaspuri
28.638938,77.066314,0.7719080150744925,28.6398,Vikaspuri
28.63832,77.069406,0.7764239405395865,28.6398,Vikaspuri
28.640868,77.071014,0.7490590602611871,28.6398,Vikaspuri
28.639644,77.074562,0.6453247570330811,28.6398,Vikaspuri
28.640307,77.070037,0.7243645380518181,28.6398,Vikaspuri
28.63881,77.067233,0.7266774505818102,28.6398,Vikaspuri
28.641598,77.069764,0.7078658451886262,28.6398,Vikaspuri
28.637759,77.072042,0.7125916049496424,28.6398,Vikaspuri
28.639135,77.068304,0.7368716927113668,28.6398,Vikaspuri
28.639367,77.073236,0.6901111043029895,28.6398,Vikaspuri
28.641527,77.073048,0.72352426930551,28.6398,Vikaspuri
28.638704,77.0712,0.8435881689878342,28.6398,Vikaspuri
28.642049,77.06994,0.7377398260862656,28.6398,Vikaspuri
28.64215,77.069209,0.664114551274987,28.6398,Vikaspuri
28.640276,77.070187,0.7488403849432573,28.6398,Vikaspuri
28.6402,77.070809,0.6606472422731556,28.6398,Vikaspuri
28.640229,77.070966,0.6609450316265892,28.6398,Vikaspuri
28.640653,77.073102,0.7143126918112502,28.6398,Vikaspuri
28.639439,77.070192,0.7612378366875386,28.6398,Vikaspuri
28.639315,77.071805,0.7314482695563599,28.6398,Vikaspuri
28.640359,77.072332,0.712060303339081,28.6398,Vikaspuri
28.620622,77.070085,0.6641537463183527,28.622,Nawada
28.622086,77.065532,0.6469247540130745,28.622,Nawada
28.621985,77.06846,0.7607792643930644,28.622,Nawada
28.622256,77.06787,0.7057634619225502,28.622,Nawada
28.621862,77.066016,0.7856829853370649,28.622,Nawada
28.621783,77.067093,0.6878095010737638,28.622,Nawada
28.621476,77.067976,0.659741781966152,28.622,Nawada
28.620422,77.069996,0.6861717587908401,28.622,Nawada
28.620914,77.069946,0.7054768919653145,28.622,Nawada
28.622583,77.065744,0.7840725234814265,28.622,Nawada
28.623513,77.068428,0.7780546743060108,28.622,Nawada
28.621892,77.067747,0.702141473647345,28.622,Nawada
28.621112,77.070349,0.7096933177264507,28.622,Nawada
28.622547,77.067503,0.7008503058167966,28.622,Nawada
28.624294,77.068167,0.757512687151685,28.622,Nawada
28.622661,77.070457,0.6795517011205874,28.622,Nawada
28.622639,77.068861,0.7843727310074232,28.622,Nawada
28.624673,77.069546,0.6496871590852309,28.622,Nawada
28.620972,77.067826,0.7592623765679428,28.622,Nawada
28.620122,77.06792,0.6357213547778264,28.622,Nawada
28.62156,77.069557,0.6760521406475682,28.622,Nawada
28.622192,77.067739,0.6565868120065577,28.622,Nawada
28.62316,77.068797,0.7332471543775371,28.622,Nawada
28.624637,77.067709,0.6989269016211113,28.622,Nawada
28.621085,77.06728,0.7407753984650878,28.622,Nawada
28.621238,77.069433,0.7451550942475165,28.622,Nawada
28.619243,77.066774,0.7295860058035206,28.622,Nawada
28.623012,77.067188,0.7412929918158276,28.622,Nawada
28.62142,77.070699,0.7288288520399592,28.622,Nawada
28.62343,77.067655,0.6902160579164707,28.622,Nawada
28.621448,77.068285,0.6370878668943732,28.622,Nawada
28.621751,77.06702,0.6542154039243264,28.622,Nawada
28.621666,77.068004,0.6527154864709886,28.622,Nawada
28.623316,77.064615,0.6747082408923941,28.622,Nawada
28.620862,77.067385,0.7303997014774406,28.622,Nawada
28.622806,77.065677,0.7490414626418836,28.622,Nawada
28.623675,77.067652,0.7129551710277491,28.622,Nawada
28.622143,77.066322,0.7157950497319608,28.622,Nawada
28.618899,77.0696,0.7853003145751393,28.622,Nawada
28.622954,77.068113,0.6509344609244503,28.622,Nawada
28.786281,77.035971,0.79181621410141,28.789,Bawana Industrial
28.789166,77.039211,0.7142485447231124,28.789,Bawana Industrial
28.789257,77.037606,0.8510537969034893,28.789,Bawana Industrial
28.790449,77.032814,0.7145452473806008,28.789,Bawana Industrial
28.784883,77.037884,0.7550531225019027,28.789,Bawana Industrial
28.786028,77.038366,0.8166454278718768,28.789,Bawana Industrial
28.785662,77.039352,0.7658992759032396,28.789,Bawana Industrial
28.791939,77.039675,0.7684276601155605,28.789,Bawana Industrial
28.789809,77.0352,0.7880762326076923,28.789,Bawana Industrial
28.786665,77.042989,0.8055353974606757,28.789,Bawana Industrial
28.789447,77.037538,0.7978378145154179,28.789,Bawana Industrial
28.789451,77.040704,0.7436316129670434,28.789,Bawana Industrial
28.789755,77.04362,0.7992361657292617,28.789,Bawana Industrial
28.788642,77.036876,0.8453499776702008,28.789,Bawana Industrial
28.788106,77.043844,0.8231546226805454,28.789,Bawana Industrial
28.788339,77.036577,0.7666801462403746,28.789,Bawana Industrial
28.787917,77.038724,0.7428660572649424,28.789,Bawana Industrial
28.786574,77.037393,0.7694226698459736,28.789,Bawana Industrial
28.789168,77.03281,0.7171972603565981,28.789,Bawana Industrial
28.789362,77.039618,0.8045303451227944,28.789,Bawana Industrial
28.786047,77.039935,0.7777495679827771,28.789,Bawana Industrial
28.788281,77.036272,0.7131228153353553,28.789,Bawana Industrial
28.785604,77.036,0.8816168512355169,28.789,Bawana Industrial
28.79036,77.036512,0.8473661620806779,28.789,Bawana Industrial
28.791952,77.044219,0.7514432042820132,28.789,Bawana Industrial
28.789372,77.037869,0.8529085403739555,28.789,Bawana Industrial
28.784036,77.036449,0.7780544982606892,28.789,Bawana Industrial
28.784804,77.040252,0.786639851236187,28.789,Bawana Industrial
28.789183,77.0383,0.7667229762685382,28.789,Bawana Industrial
28.789236,77.032896,0.8811054475426738,28.789,Bawana Industrial
28.789623,77.035892,0.839530033943396,28.789,Bawana Industrial
28.787213,77.038938,0.8468189728938412,28.789,Bawana Industrial
28.789232,77.031923,0.7476294897149192,28.789,Bawana Industrial
28.790457,77.037736,0.7825825857223658,28.789,Bawana Industrial
28.790567,77.042432,0.7973967238591355,28.789,Bawana Industrial
28.791451,77.035251,0.800122037667176,28.789,Bawana Industrial
28.789019,77.035365,0.7249717333484924,28.789,Bawana Industrial
28.789254,77.03849,0.6833705489529696,28.789,Bawana Industrial
28.789382,77.036305,0.7839836369633782,28.789,Bawana Industrial
28.790722,77.037512,0.7933887098746256,28.789,Bawana Industrial
28.789382,77.038233,0.7757196351129426,28.789,Bawana Industrial
28.789041,77.038308,0.771717476215799,28.789,Bawana Industrial
28.788576,77.036567,0.7409404486926497,28.789,Bawana Industrial
28.786761,77.034336,0.7660873115771414,28.789,Bawana Industrial
28.79002,77.042164,0.7369658478417738,28.789,Bawana Industrial
28.786521,77.035003,0.8148205945411385,28.789,Bawana Industrial
28.793178,77.039943,0.8116188096282899,28.789,Bawana Industrial
28.791267,77.033978,0.7612602462604958,28.789,Bawana Industrial
28.785647,77.036889,0.756295976331682,28.789,Bawana Industrial
28.787783,77.036681,0.761666060317474,28.789,Bawana Industrial
28.789903,77.038264,0.748409215545861,28.789,Bawana Industrial
28.786842,77.036011,0.77275910436724,28.789,Bawana Industrial
28.786872,77.039256,0.7951524141466358,28.789,Bawana Industrial
28.789902,77.035101,0.8263772888656772,28.789,Bawana Industrial
28.786333,77.031942,0.8345235995569283,28.789,Bawana Industrial
28.849962,77.092607,0.7787554081877095,28.8507,Narela
28.850952,77.093398,0.7435304231293653,28.8507,Narela
28.850117,77.09019,0.7412605423640871,28.8507,Narela
28.852768,77.090124,0.8019600677576132,28.8507,Narela
28.847743,77.092905,0.8091458103230881,28.8507,Narela
28.850735,77.093506,0.7733770143063277,28.8507,Narela
28.849646,77.09126,0.7233996033547143,28.8507,Narela
28.849356,77.093648,0.8215989701632511,28.8507,Narela
28.84824,77.092587,0.7715504988627757,28.8507,Narela
28.853962,77.091441,0.721261400221082,28.8507,Narela
28.853857,77.09111,0.7515206813751355,28.8507,Narela
28.850641,77.094186,0.6432911478894847,28.8507,Narela
28.851357,77.095154,0.722899328755513,28.8507,Narela
28.851352,77.09388,0.7605167781591178,28.8507,Narela
28.850064,77.09016,0.8421367150968815,28.8507,Narela
28.852531,77.095618,0.7086800772942403,28.8507,Narela
28.852249,77.096117,0.7038411008956019,28.8507,Narela
28.851536,77.096158,0.7761859447789533,28.8507,Narela
28.848386,77.089674,0.7468947888627686,28.8507,Narela
28.85302,77.094684,0.7913746948335922,28.8507,Narela
28.85297,77.093631,0.6790886365240804,28.8507,Narela
28.84663,77.099229,0.8276296954878273,28.8507,Narela
28.854599,77.09973,0.7441817288419278,28.8507,Narela
28.851975,77.093803,0.7049189085212869,28.8507,Narela
28.850245,77.090556,0.6882888896271199,28.8507,Narela
28.851705,77.093002,0.779824340870546,28.8507,Narela
28.849302,77.095456,0.7657590441576395,28.8507,Narela
28.851747,77.091683,0.7574706299283285,28.8507,Narela
28.854447,77.091208,0.8791930518990937,28.8507,Narela
28.852849,77.092596,0.8091619984722702,28.8507,Narela
28.850441,77.094469,0.7372441332980666,28.8507,Narela
28.852255,77.096258,0.7082639504657627,28.8507,Narela
28.851185,77.093049,0.7748050294811636,28.8507,Narela
28.852875,77.093859,0.7472180147476102,28.8507,Narela
28.848951,77.09554,0.7819961983343833,28.8507,Narela
28.847089,77.092362,0.7254835210411112,28.8507,Narela
28.851917,77.091081,0.6973347368827418,28.8507,Narela
28.849737,77.090781,0.7446236117641493,28.8507,Narela
28.85292,77.091733,0.7728229455429266,28.8507,Narela
28.849327,77.096644,0.8083775207995568,28.8507,Narela
28.849166,77.092296,0.682875769609922,28.8507,Narela
28.85195,77.092174,0.7698197302505094,28.8507,Narela
28.850918,77.092606,0.7680831193189777,28.8507,Narela
28.844774,77.093004,0.7524415809654725,28.8507,Narela
28.848189,77.095757,0.731690536257,28.8507,Narela
28.801186,77.133014,0.6729199849283038,28.7998,Alipur
28.797884,77.131483,0.6950791295671109,28.7998,Alipur
28.796825,77.132189,0.7207639845132726,28.7998,Alipur
28.801039,77.132873,0.6921341083575766,28.7998,Alipur
28.802797,77.132607,0.6759541666912929,28.7998,Alipur
28.799162,77.131643,0.6814693473230068,28.7998,Alipur
28.80348,77.13035,0.7377321808586303,28.7998,Alipur
28.804589,77.135739,0.6117691973807865,28.7998,Alipur
28.801626,77.134595,0.7085469185564149,28.7998,Alipur
28.800931,77.133712,0.7638235441390464,28.7998,Alipur
28.796551,77.133935,0.727356115271967,28.7998,Alipur
28.799072,77.132324,0.6633211828249479,28.7998,Alipur
28.800659,77.134843,0.6955877274853449,28.7998,Alipur
28.796945,77.130231,0.6616739776510564,28.7998,Alipur
28.799404,77.128648,0.710082877131724,28.7998,Alipur
28.798743,77.132415,0.7142561920671135,28.7998,Alipur
28.799126,77.128924,0.6941900357820122,28.7998,Alipur
28.799662,77.132948,0.6657378596410488,28.7998,Alipur
28.800699,77.132899,0.6334177619971257,28.7998,Alipur
28.799516,77.134232,0.6431203002318655,28.7998,Alipur
28.800021,77.131791,0.7036828297496097,28.7998,Alipur
28.798502,77.13371,0.5950049007137438,28.7998,Alipur
28.798899,77.131788,0.6985529133842617,28.7998,Alipur
28.802726,77.13258,0.7501602934808875,28.7998,Alipur
28.801321,77.128281,0.7141643399075323,28.7998,Alipur
28.799353,77.132791,0.7270304751473537,28.7998,Alipur
28.795215,77.130871,0.7561064009917453,28.7998,Alipur
28.799717,77.134464,0.6939957377465628,28.7998,Alipur
28.797093,77.135036,0.781148672431469,28.7998,Alipur
28.796003,77.131263,0.7198617026489496,28.7998,Alipur
28.803194,77.131158,0.6519501829037839,28.7998,Alipur
28.803082,77.133292,0.6960632103880311,28.7998,Alipur
28.803366,77.131368,0.7111066121274725,28.7998,Alipur
28.801411,77.133542,0.6866144586476263,28.7998,Alipur
28.798518,77.136147,0.6131289035468944,28.7998,Alipur
28.803632,77.132114,0.676660540597824,28.7998,Alipur
28.799023,77.136785,0.7578984526282775,28.7998,Alipur
28.799334,77.129523,0.7196862499657198,28.7998,Alipur
28.800085,77.134763,0.7704224422123177,28.7998,Alipur
28.800066,77.133655,0.6934802880540234,28.7998,Alipur
28.731214,77.119007,0.6537388394567756,28.7292,Rohini Sector 3
28.732838,77.114609,0.6278315060236437,28.7292,Rohini Sector 3
28.732396,77.110456,0.6629805673951608,28.7292,Rohini Sector 3
28.728867,77.122693,0.6521725012175729,28.7292,Rohini Sector 3
28.730368,77.116944,0.6026156832180413,28.7292,Rohini Sector 3
28.733034,77.119259,0.6033387224655332,28.7292,Rohini Sector 3
28.728154,77.115338,0.7418447584914507,28.7292,Rohini Sector 3
28.728996,77.114791,0.6575794922409761,28.7292,Rohini Sector 3
28.727338,77.114673,0.645944642172532,28.7292,Rohini Sector 3
28.730702,77.113814,0.6703564901604139,28.7292,Rohini Sector 3
28.72544,77.111598,0.5986384701656171,28.7292,Rohini Sector 3
28.730809,77.113742,0.6676231248594358,28.7292,Rohini Sector 3
28.729512,77.117991,0.672415485287819,28.7292,Rohini Sector 3
28.728268,77.112546,0.5931848568553735,28.7292,Rohini Sector 3
28.724503,77.107954,0.6263779893963788,28.7292,Rohini Sector 3
28.729757,77.11464,0.6861137073589001,28.7292,Rohini Sector 3
28.730373,77.115168,0.6591194607361938,28.7292,Rohini Sector 3
28.729863,77.108276,0.6532991650959123,28.7292,Rohini Sector 3
28.726905,77.116065,0.6157196503820869,28.7292,Rohini Sector 3
28.725937,77.113731,0.6472261991871833,28.7292,Rohini Sector 3
28.729029,77.114719,0.6417577809210118,28.7292,Rohini Sector 3
28.729874,77.11305,0.7078170648449512,28.7292,Rohini Sector 3
28.725239,77.112608,0.6585325970875026,28.7292,Rohini Sector 3
28.730501,77.115043,0.6764413746692307,28.7292,Rohini Sector 3
28.731413,77.113936,0.5801168059527411,28.7292,Rohini Sector 3
28.728737,77.110667,0.6550653527576632,28.7292,Rohini Sector 3
28.729197,77.115307,0.6115678597519267,28.7292,Rohini Sector 3
28.730965,77.113975,0.6189082004697798,28.7292,Rohini Sector 3
28.729259,77.111971,0.7043162958436516,28.7292,Rohini Sector 3
28.729872,77.115355,0.7713333879365685,28.7292,Rohini Sector 3
28.727381,77.114241,0.6160825060579428,28.7292,Rohini Sector 3
28.727506,77.110478,0.6607849356942976,28.7292,Rohini Sector 3
28.729395,77.116529,0.7346883120381247,28.7292,Rohini Sector 3
28.728055,77.114669,0.6132368369119834,28.7292,Rohini Sector 3
28.73131,77.113897,0.6620210677064046,28.7292,Rohini Sector 3
28.730113,77.114922,0.6149479588006098,28.7292,Rohini Sector 3
28.726698,77.119866,0.6368810934644917,28.7292,Rohini Sector 3
28.729805,77.11722,0.69045587441928,28.7292,Rohini Sector 3
28.731548,77.110388,0.5971877503667402,28.7292,Rohini Sector 3
28.727941,77.116876,0.6381909848883676,28.7292,Rohini Sector 3
28.729947,77.115794,0.7397115889664294,28.7292,Rohini Sector 3
28.729116,77.114763,0.5946708753106061,28.7292,Rohini Sector 3
28.730915,77.111199,0.678235500160658,28.7292,Rohini Sector 3
28.731164,77.112052,0.6090462667999977,28.7292,Rohini Sector 3
28.724891,77.115535,0.7311793588986444,28.7292,Rohini Sector 3
28.730779,77.112297,0.6346643491111638,28.7292,Rohini Sector 3
28.727613,77.111243,0.655905173250323,28.7292,Rohini Sector 3
28.72922,77.114092,0.6722964174169227,28.7292,Rohini Sector 3
28.730444,77.112307,0.6681296499848299,28.7292,Rohini Sector 3
28.727967,77.115122,0.6900589186140865,28.7292,Rohini Sector 3
28.73201,77.113644,0.7250800936315597,28.7292,Rohini Sector 3
28.729691,77.114438,0.662003575632104,28.7292,Rohini Sector 3
28.727872,77.112816,0.6320169160666347,28.7292,Rohini Sector 3
28.727627,77.114025,0.6472962411981046,28.7292,Rohini Sector 3
28.731881,77.115542,0.5929907636425661,28.7292,Rohini Sector 3
28.672195,77.290541,0.7724591541333103,28.6726,Shahdara
28.669994,77.282999,0.744700752533039,28.6726,Shahdara
28.672948,77.287356,0.773010584849352,28.6726,Shahdara
28.676045,77.28526,0.7551777421937864,28.6726,Shahdara
28.674202,77.288557,0.776407017613929,28.6726,Shahdara
28.670378,77.289474,0.7978847637163701,28.6726,Shahdara
28.671522,77.287595,0.7527686033404201,28.6726,Shahdara
28.67723,77.289646,0.7566204531368363,28.6726,Shahdara
28.672,77.293702,0.8283485329791862,28.6726,Shahdara
28.673749,77.289224,0.8926432487469287,28.6726,Shahdara
28.671024,77.289601,0.807575848587399,28.6726,Shahdara
28.673623,77.292316,0.7452303155391982,28.6726,Shahdara
28.6781,77.291367,0.764552048947708,28.6726,Shahdara
28.671644,77.289961,0.8146538326633459,28.6726,Shahdara
28.669787,77.291057,0.7953054086740817,28.6726,Shahdara
28.671844,77.285693,0.8134179494009262,28.6726,Shahdara
28.674016,77.292871,0.8275864134521891,28.6726,Shahdara
28.671646,77.287101,0.8818212606170833,28.6726,Shahdara
28.675192,77.29238,0.754676302526331,28.6726,Shahdara
28.670763,77.291127,0.7471172601938568,28.6726,Shahdara
28.673573,77.293041,0.6879647869501028,28.6726,Shahdara
28.669932,77.290219,0.797612269075573,28.6726,Shahdara
28.672291,77.292095,0.8126224657296197,28.6726,Shahdara
28.667885,77.291529,0.8125161646595233,28.6726,Shahdara
28.670641,77.289228,0.8427192330339186,28.6726,Shahdara
28.6733,77.290594,0.8803180575315359,28.6726,Shahdara
28.676971,77.293572,0.8800437561838547,28.6726,Shahdara
28.67108,77.29016,0.7881488063480117,28.6726,Shahdara
28.676685,77.285588,0.782580782446884,28.6726,Shahdara
28.671583,77.284964,0.7340484908165744,28.6726,Shahdara
28.67417,77.291192,0.836652679650219,28.6726,Shahdara
28.672575,77.285669,0.822558805992881,28.6726,Shahdara
28.674016,77.28798,0.8486998168879744,28.6726,Shahdara
28.672376,77.290588,0.7967098339463908,28.6726,Shahdara
28.674149,77.292054,0.6821256270506342,28.6726,Shahdara
28.677047,77.291266,0.7663842066839793,28.6726,Shahdara
28.673423,77.285055,0.7877224917399658,28.6726,Shahdara
28.678746,77.288644,0.7594199974403947,28.6726,Shahdara
28.672212,77.28754,0.8201794035140552,28.6726,Shahdara
28.677358,77.289815,0.8434088389863335,28.6726,Shahdara
28.676986,77.291883,0.7899405118252625,28.6726,Shahdara
28.674106,77.295897,0.7678126287366875,28.6726,Shahdara
28.674443,77.292839,0.8254187662508974,28.6726,Shahdara
28.674233,77.290909,0.8047847688798129,28.6726,Shahdara
28.672918,77.291657,0.7777845273902159,28.6726,Shahdara
28.670788,77.286109,0.8136000553441595,28.6726,Shahdara
28.67175,77.288152,0.8796364228009785,28.6726,Shahdara
28.672312,77.287316,0.7583202058465053,28.6726,Shahdara
28.671556,77.289994,0.7777160221973396,28.6726,Shahdara
28.672013,77.290875,0.7518961434964201,28.6726,Shahdara
28.670106,77.289054,0.7455846103472654,28.6726,Shahdara
28.673142,77.281955,0.8486396180717871,28.6726,Shahdara
28.674578,77.289484,0.8561279935074675,28.6726,Shahdara
28.669976,77.291103,0.7544344255633164,28.6726,Shahdara
28.667267,77.287541,0.7164470457580773,28.6726,Shahdara
28.674619,77.292464,0.7621545063617468,28.6726,Shahdara
28.671118,77.289466,0.8422100595346443,28.6726,Shahdara
28.673334,77.294443,0.9032512128850428,28.6726,Shahdara
28.670657,77.288258,0.8313288194895503,28.6726,Shahdara
28.669408,77.291611,0.7445381433198497,28.6726,Shahdara
28.622679,77.314791,0.6130594281528333,28.6239,Trilokpuri
28.624884,77.311877,0.714379756332392,28.6239,Trilokpuri
28.61944,77.314832,0.7709748636154857,28.6239,Trilokpuri
28.621573,77.310946,0.7467085605663039,28.6239,Trilokpuri
28.624032,77.311774,0.7890340544962888,28.6239,Trilokpuri
28.621643,77.312287,0.7714241464327917,28.6239,Trilokpuri
28.627969,77.312513,0.7651020577550162,28.6239,Trilokpuri
28.619325,77.313199,0.7675785391481229,28.6239,Trilokpuri
28.622069,77.312329,0.711162442319684,28.6239,Trilokpuri
28.619381,77.313741,0.7439615711662997,28.6239,Trilokpuri
28.624672,77.317423,0.8126021781849331,28.6239,Trilokpuri
28.622796,77.316929,0.6674299083788532,28.6239,Trilokpuri
28.623765,77.31172,0.6436451228192069,28.6239,Trilokpuri
28.620498,77.309291,0.8009753530100662,28.6239,Trilokpuri
28.625791,77.313258,0.7491075680853804,28.6239,Trilokpuri
28.62309,77.311419,0.7900897954950223,28.6239,Trilokpuri
28.622832,77.312604,0.794545490746473,28.6239,Trilokpuri
28.625514,77.3129,0.7361330895603165,28.6239,Trilokpuri
28.625444,77.316505,0.7157234193573474,28.6239,Trilokpuri
28.62481,77.312711,0.815236584991076,28.6239,Trilokpuri
28.625554,77.31202,0.7739901160025788,28.6239,Trilokpuri
28.624329,77.313675,0.8655915562821415,28.6239,Trilokpuri
28.622441,77.313831,0.7432236091103176,28.6239,Trilokpuri
28.625297,77.312265,0.7804394885764628,28.6239,Trilokpuri
28.625382,77.314556,0.7792743116123041,28.6239,Trilokpuri
28.623629,77.317537,0.6788685675625126,28.6239,Trilokpuri
28.624818,77.311044,0.8186587458944324,28.6239,Trilokpuri
28.626263,77.310536,0.6816443057982884,28.6239,Trilokpuri
28.62279,77.312452,0.7734434801270943,28.6239,Trilokpuri
28.625457,77.311308,0.755634560020777,28.6239,Trilokpuri
28.626477,77.309638,0.7458333686501692,28.6239,Trilokpuri
28.623695,77.311212,0.7747465652261649,28.6239,Trilokpuri
28.624997,77.314264,0.7588393818881576,28.6239,Trilokpuri
28.621508,77.314117,0.8615893072746196,28.6239,Trilokpuri
28.624085,77.317109,0.7405625649067813,28.6239,Trilokpuri
28.620701,77.319323,0.746007681794713,28.6239,Trilokpuri
28.623542,77.315216,0.7808253871233901,28.6239,Trilokpuri
28.626859,77.314066,0.7663800292135564,28.6239,Trilokpuri
28.625306,77.311355,0.719999736264444,28.6239,Trilokpuri
28.621847,77.314164,0.6674411120472235,28.6239,Trilokpuri
28.62223,77.315565,0.7689876094249348,28.6239,Trilokpuri
28.622052,77.316532,0.7108633044201352,28.6239,Trilokpuri
28.623387,77.309736,0.8176917773396554,28.6239,Trilokpuri
28.62263,77.310989,0.7683572188443103,28.6239,Trilokpuri
28.621817,77.315935,0.7186959768213804,28.6239,Trilokpuri
28.625127,77.31196,0.7924433268017536,28.6239,Trilokpuri
28.624499,77.314083,0.9120629538488393,28.6239,Trilokpuri
28.623134,77.308363,0.8354767307813135,28.6239,Trilokpuri
28.62585,77.318704,0.6756264403309621,28.6239,Trilokpuri
28.625546,77.31232,0.7007673707503812,28.6239,Trilokpuri
28.606342,77.298361,0.6636249251071527,28.6094,Mayur Vihar Ph1
28.610203,77.299089,0.6261654702221229,28.6094,Mayur Vihar Ph1
28.609767,77.29689,0.5702596381427624,28.6094,Mayur Vihar Ph1
28.610379,77.298952,0.6663625253672943,28.6094,Mayur Vihar Ph1
28.606638,77.300341,0.6251211405359456,28.6094,Mayur Vihar Ph1
28.607263,77.293021,0.581680565994442,28.6094,Mayur Vihar Ph1
28.60875,77.296477,0.6267309718161298,28.6094,Mayur Vihar Ph1
28.609745,77.297529,0.6445965100678155,28.6094,Mayur Vihar Ph1
28.609317,77.294858,0.5234231946813317,28.6094,Mayur Vihar Ph1
28.606062,77.297553,0.6210849085529958,28.6094,Mayur Vihar Ph1
28.60512,77.295257,0.6393812885757374,28.6094,Mayur Vihar Ph1
28.610469,77.297216,0.6597860540440275,28.6094,Mayur Vihar Ph1
28.610723,77.298054,0.6260620272338522,28.6094,Mayur Vihar Ph1
28.609498,77.296608,0.6452103759267229,28.6094,Mayur Vihar Ph1
28.611085,77.296186,0.6100229222338723,28.6094,Mayur Vihar Ph1
28.612522,77.294024,0.6133085071122483,28.6094,Mayur Vihar Ph1
28.609036,77.295516,0.7197373209204556,28.6094,Mayur Vihar Ph1
28.608942,77.297615,0.6353554181291211,28.6094,Mayur Vihar Ph1
28.608151,77.294758,0.6041688597469071,28.6094,Mayur Vihar Ph1
28.608362,77.295919,0.6389679459833556,28.6094,Mayur Vihar Ph1
28.611045,77.301182,0.6066243739042371,28.6094,Mayur Vihar Ph1
28.608394,77.301875,0.6510377410320378,28.6094,Mayur Vihar Ph1
28.608304,77.298084,0.6794168269179468,28.6094,Mayur Vihar Ph1
28.608642,77.298985,0.6777875518749209,28.6094,Mayur Vihar Ph1
28.608736,77.295662,0.6843585121254043,28.6094,Mayur Vihar Ph1
28.609007,77.295375,0.6679255626890053,28.6094,Mayur Vihar Ph1
28.608788,77.295069,0.6179937971098336,28.6094,Mayur Vihar Ph1
28.612353,77.294603,0.7343725000326573,28.6094,Mayur Vihar Ph1
28.608933,77.295335,0.5862675890908838,28.6094,Mayur Vihar Ph1
28.608259,77.29619,0.5535054488779709,28.6094,Mayur Vihar Ph1
28.61054,77.294429,0.6182986998658462,28.6094,Mayur Vihar Ph1
28.608678,77.292325,0.568519870255761,28.6094,Mayur Vihar Ph1
28.60717,77.29746,0.6649615535905555,28.6094,Mayur Vihar Ph1
28.612368,77.294208,0.6443077655038192,28.6094,Mayur Vihar Ph1
28.611402,77.294483,0.5960861430995903,28.6094,Mayur Vihar Ph1
28.607391,77.297292,0.6517704650509145,28.6094,Mayur Vihar Ph1
28.607739,77.294257,0.6908472207895323,28.6094,Mayur Vihar Ph1
28.607881,77.296849,0.5838938864885704,28.6094,Mayur Vihar Ph1
28.609233,77.294214,0.637620968950502,28.6094,Mayur Vihar Ph1
28.608542,77.296732,0.5087318406451009,28.6094,Mayur Vihar Ph1
28.662383,77.274243,0.6187334659208701,28.6617,Geeta Colony
28.660554,77.272731,0.7452202548466951,28.6617,Geeta Colony
28.662106,77.273584,0.751277068618551,28.6617,Geeta Colony
28.663412,77.272793,0.722443296131772,28.6617,Geeta Colony
28.660433,77.27374,0.6781273457508351,28.6617,Geeta Colony
28.661129,77.273014,0.6222707192786838,28.6617,Geeta Colony
28.660996,77.27392,0.6985494112469777,28.6617,Geeta Colony
28.663238,77.272075,0.7293661547013476,28.6617,Geeta Colony
28.663132,77.274766,0.6483578272573942,28.6617,Geeta Colony
28.660358,77.273664,0.6128357773944899,28.6617,Geeta Colony
28.66441,77.275084,0.7054558784525485,28.6617,Geeta Colony
28.659098,77.275765,0.6628199452799811,28.6617,Geeta Colony
28.661432,77.2739,0.6562754385286466,28.6617,Geeta Colony
28.66249,77.273982,0.6272578832840714,28.6617,Geeta Colony
28.662803,77.272945,0.6303733596251405,28.6617,Geeta Colony
28.661319,77.275374,0.6960145842003613,28.6617,Geeta Colony
28.66298,77.273549,0.747109114738661,28.6617,Geeta Colony
28.660219,77.271951,0.6850700016702629,28.6617,Geeta Colony
28.66304,77.273546,0.752542833987158,28.6617,Geeta Colony
28.661745,77.271176,0.7036341546119307,28.6617,Geeta Colony
28.664959,77.275289,0.7414407501358303,28.6617,Geeta Colony
28.660407,77.274893,0.7759082197314385,28.6617,Geeta Colony
28.662499,77.273099,0.5625014392377692,28.6617,Geeta Colony
28.659921,77.273356,0.586930512238949,28.6617,Geeta Colony
28.662815,77.272578,0.637701612910133,28.6617,Geeta Colony
28.661347,77.274095,0.7100551972010007,28.6617,Geeta Colony
28.65993,77.271971,0.6884373797614095,28.6617,Geeta Colony
28.659964,77.272461,0.6752250963345179,28.6617,Geeta Colony
28.662868,77.271592,0.6993073450496096,28.6617,Geeta Colony
28.661306,77.271898,0.6991447547580847,28.6617,Geeta Colony
28.659811,77.275365,0.6362445178902653,28.6617,Geeta Colony
28.661947,77.274434,0.6351955596112111,28.6617,Geeta Colony
28.66064,77.277853,0.7900551569377298,28.6617,Geeta Colony
28.659393,77.273791,0.737229666941369,28.6617,Geeta Colony
28.658967,77.272596,0.7015359628234993,28.6617,Geeta Colony
28.682645,77.271257,0.9485160990472299,28.6823,Seelampur
28.682534,77.272441,0.843622550717765,28.6823,Seelampur
28.684313,77.273448,0.8297641049244852,28.6823,Seelampur
28.682243,77.272705,0.8216157735593786,28.6823,Seelampur
28.684366,77.276463,0.8530637554441522,28.6823,Seelampur
28.682246,77.273312,0.8526841354405659,28.6823,Seelampur
28.686359,77.274251,0.8135089914163723,28.6823,Seelampur
28.680905,77.272012,0.8319288055025235,28.6823,Seelampur
28.682799,77.272113,0.8483204338698737,28.6823,Seelampur
28.682734,77.271404,0.902599591872167,28.6823,Seelampur
28.683093,77.274008,0.8755195486178731,28.6823,Seelampur
28.678683,77.270214,0.7900401132483539,28.6823,Seelampur
28.684771,77.273165,0.908454166288506,28.6823,Seelampur
28.68357,77.269781,0.8214074955112101,28.6823,Seelampur
28.682309,77.275384,0.8075415135364457,28.6823,Seelampur
28.683255,77.271186,0.8550518013436053,28.6823,Seelampur
28.681993,77.276909,0.7918815808538404,28.6823,Seelampur
28.681574,77.273236,0.8585518108379903,28.6823,Seelampur
28.683739,77.273839,0.8008669869567898,28.6823,Seelampur
28.682032,77.273765,0.8682671056121387,28.6823,Seelampur
28.683784,77.267705,0.8301159090279177,28.6823,Seelampur
28.68147,77.274394,0.7908823200269213,28.6823,Seelampur
28.681602,77.274316,0.8681082271573122,28.6823,Seelampur
28.678825,77.273418,0.8524282918983017,28.6823,Seelampur
28.681837,77.273519,0.8768434316725281,28.6823,Seelampur
28.684097,77.274896,0.7966347395106649,28.6823,Seelampur
28.684716,77.26941,0.8430371005059232,28.6823,Seelampur
28.680657,77.271101,0.7560304956039251,28.6823,Seelampur
28.685791,77.271673,0.8766025683605339,28.6823,Seelampur
28.683367,77.271722,0.8384073277599203,28.6823,Seelampur
28.678288,77.274298,0.9199144491670667,28.6823,Seelampur
28.682931,77.276782,0.8416884561107225,28.6823,Seelampur
28.679691,77.272458,0.811893274667804,28.6823,Seelampur
28.680286,77.274048,0.8558315533236577,28.6823,Seelampur
28.68444,77.275738,0.846400933984726,28.6823,Seelampur
28.683511,77.275018,0.8078751603960983,28.6823,Seelampur
28.681144,77.278297,0.8148355792480722,28.6823,Seelampur
28.683326,77.270094,0.807793861412369,28.6823,Seelampur
28.6833,77.275983,0.8322677474286208,28.6823,Seelampur
28.678361,77.273237,0.8812314678799902,28.6823,Seelampur
28.681891,77.272583,0.7063411184939437,28.6823,Seelampur
28.680246,77.270229,0.8264891161230921,28.6823,Seelampur
28.680644,77.273894,0.7498654661298455,28.6823,Seelampur
28.684266,77.274322,0.8157505099531626,28.6823,Seelampur
28.680971,77.274307,0.817472148207268,28.6823,Seelampur
28.707811,77.293672,0.7198952001978618,28.7094,Mustafabad
28.710431,77.299058,0.818415565448294,28.7094,Mustafabad
28.709435,77.300075,0.8361123970585969,28.7094,Mustafabad
28.71124,77.30116,0.870672048011268,28.7094,Mustafabad
28.708378,77.30024,0.8203366588705864,28.7094,Mustafabad
28.71031,77.298725,0.8252288208528776,28.7094,Mustafabad
28.705758,77.2963,0.7144388656752048,28.7094,Mustafabad
28.705973,77.298998,0.7248247006994499,28.7094,Mustafabad
28.707155,77.299242,0.8327336543245653,28.7094,Mustafabad
28.709294,77.298056,0.7749159611934577,28.7094,Mustafabad
28.709243,77.296711,0.8966580259001662,28.7094,Mustafabad
28.711561,77.300832,0.8338415448032027,28.7094,Mustafabad
28.710353,77.299471,0.7301472822288382,28.7094,Mustafabad
28.707676,77.293997,0.7783059744541033,28.7094,Mustafabad
28.7094,77.293023,0.7945026212810528,28.7094,Mustafabad
28.708572,77.295347,0.7323492309033686,28.7094,Mustafabad
28.710544,77.299702,0.7939748031545725,28.7094,Mustafabad
28.709254,77.298074,0.7493799420721732,28.7094,Mustafabad
28.708564,77.296299,0.8806016945539393,28.7094,Mustafabad
28.709986,77.295507,0.8132224978747711,28.7094,Mustafabad
28.70634,77.301333,0.7737701552051492,28.7094,Mustafabad
28.710018,77.297611,0.7768876570731527,28.7094,Mustafabad
28.713001,77.302863,0.79729359891413,28.7094,Mustafabad
28.709647,77.297152,0.7658420722351347,28.7094,Mustafabad
28.710516,77.298208,0.7756843296606594,28.7094,Mustafabad
28.709895,77.298221,0.7794585143321917,28.7094,Mustafabad
28.708059,77.297386,0.7889752218913585,28.7094,Mustafabad
28.710331,77.297488,0.8077688105335048,28.7094,Mustafabad
28.707166,77.294743,0.7561245441559682,28.7094,Mustafabad
28.709728,77.298233,0.7797820281731859,28.7094,Mustafabad
28.712747,77.292457,0.839416887060576,28.7094,Mustafabad
28.708744,77.295333,0.817347975750802,28.7094,Mustafabad
28.711731,77.300196,0.6976455207039849,28.7094,Mustafabad
28.709401,77.299116,0.8070139193768977,28.7094,Mustafabad
28.706679,77.300949,0.8322837684226662,28.7094,Mustafabad
28.709588,77.297856,0.7932987251553002,28.7094,Mustafabad
28.708774,77.293082,0.7789558396724571,28.7094,Mustafabad
28.708224,77.298001,0.7407091592050047,28.7094,Mustafabad
28.708925,77.29735,0.7803419661530686,28.7094,Mustafabad
28.709753,77.299408,0.7589311695976245,28.7094,Mustafabad
28.709676,77.29907,0.7755723609871801,28.7094,Mustafabad
28.710488,77.296712,0.7742082915840088,28.7094,Mustafabad
28.710882,77.299763,0.8346909176778792,28.7094,Mustafabad
28.710313,77.299157,0.8804149547246861,28.7094,Mustafabad
28.710205,77.29583,0.7634666555130454,28.7094,Mustafabad
28.708755,77.293495,0.8527691230453881,28.7094,Mustafabad
28.709433,77.29731,0.8259173980665419,28.7094,Mustafabad
28.710329,77.301472,0.790617272871307,28.7094,Mustafabad
28.709641,77.296689,0.7575790937515797,28.7094,Mustafabad
28.710645,77.29964,0.7798675503349897,28.7094,Mustafabad
28.689196,77.283253,0.7640437483141835,28.6905,Jafrabad
28.692019,77.280914,0.8985965072620837,28.6905,Jafrabad
28.688462,77.282464,0.7222058705986037,28.6905,Jafrabad
28.690193,77.284346,0.742039876313714,28.6905,Jafrabad
28.69022,77.280658,0.7419824253788899,28.6905,Jafrabad
28.692538,77.279017,0.8748755307022285,28.6905,Jafrabad
28.690312,77.281902,0.8310736100103786,28.6905,Jafrabad
28.690545,77.280882,0.7433811075350384,28.6905,Jafrabad
28.690456,77.283755,0.7448498743640622,28.6905,Jafrabad
28.69167,77.280144,0.7819791822072761,28.6905,Jafrabad
28.688244,77.284602,0.6782150654786449,28.6905,Jafrabad
28.690697,77.280453,0.7278072462397831,28.6905,Jafrabad
28.691183,77.278653,0.7582535285875864,28.6905,Jafrabad
28.690266,77.279697,0.7410190016161887,28.6905,Jafrabad
28.692979,77.28281,0.7279688146417927,28.6905,Jafrabad
28.690203,77.284222,0.8555711399466246,28.6905,Jafrabad
28.690813,77.282348,0.7474780681087073,28.6905,Jafrabad
28.692002,77.2811,0.786173704174617,28.6905,Jafrabad
28.690111,77.279539,0.7955947956024622,28.6905,Jafrabad
28.693005,77.286495,0.7664859038992825,28.6905,Jafrabad
28.689985,77.282181,0.8284001692663295,28.6905,Jafrabad
28.690088,77.28176,0.7712038703241956,28.6905,Jafrabad
28.690261,77.281648,0.7135102300851974,28.6905,Jafrabad
28.691257,77.281829,0.7542614025041005,28.6905,Jafrabad
28.690254,77.282037,0.7652326080751972,28.6905,Jafrabad
28.690396,77.286536,0.8443019446757574,28.6905,Jafrabad
28.692031,77.28316,0.7798551625435601,28.6905,Jafrabad
28.690354,77.280523,0.8246435809046356,28.6905,Jafrabad
28.69006,77.279743,0.765455192995893,28.6905,Jafrabad
28.689653,77.282597,0.843158675010425,28.6905,Jafrabad
28.693163,77.282055,0.7367830910213502,28.6905,Jafrabad
28.691105,77.284197,0.8184948846827707,28.6905,Jafrabad
28.69086,77.2805,0.7773065820478474,28.6905,Jafrabad
28.693923,77.282585,0.7198155298183446,28.6905,Jafrabad
28.690827,77.282181,0.7576193483437788,28.6905,Jafrabad
28.689701,77.280357,0.7419849611550925,28.6905,Jafrabad
28.690994,77.27969,0.7490107811241592,28.6905,Jafrabad
28.690478,77.282798,0.813398996717413,28.6905,Jafrabad
28.689539,77.283204,0.8079078130887299,28.6905,Jafrabad
28.688492,77.282979,0.7898992278781442,28.6905,Jafrabad
28.534517,77.209252,0.47722215393439554,28.5355,Malviya Nagar
28.53479,77.209692,0.5876400911470886,28.5355,Malviya Nagar
28.532354,77.21101,0.5688047683776996,28.5355,Malviya Nagar
28.535896,77.214498,0.6285697498475386,28.5355,Malviya Nagar
28.536055,77.211097,0.5340896763933708,28.5355,Malviya Nagar
28.535337,77.210457,0.5480208642513776,28.5355,Malviya Nagar
28.533858,77.211477,0.5436962231815046,28.5355,Malviya Nagar
28.536561,77.210267,0.5417117541673064,28.5355,Malviya Nagar
28.536606,77.208358,0.5795526737821238,28.5355,Malviya Nagar
28.536538,77.205684,0.6126052712254296,28.5355,Malviya Nagar
28.539132,77.212804,0.46200948682317544,28.5355,Malviya Nagar
28.536901,77.210169,0.5707832984966559,28.5355,Malviya Nagar
28.535943,77.208406,0.5518861448341119,28.5355,Malviya Nagar
28.537221,77.208754,0.52379085468725,28.5355,Malviya Nagar
28.536634,77.207247,0.5347161069349247,28.5355,Malviya Nagar
28.533145,77.209723,0.5470980736047103,28.5355,Malviya Nagar
28.531306,77.214446,0.5531942112751667,28.5355,Malviya Nagar
28.531591,77.211353,0.5204944773921282,28.5355,Malviya Nagar
28.534441,77.209319,0.5442772494840846,28.5355,Malviya Nagar
28.537276,77.213102,0.5320972860394658,28.5355,Malviya Nagar
28.535722,77.208249,0.5599385338744359,28.5355,Malviya Nagar
28.534918,77.212895,0.4978042179338782,28.5355,Malviya Nagar
28.536222,77.212079,0.46695040554964895,28.5355,Malviya Nagar
28.539388,77.210943,0.6187453855733984,28.5355,Malviya Nagar
28.535462,77.208712,0.6722050151163186,28.5355,Malviya Nagar
28.535558,77.210108,0.590587954923968,28.5355,Malviya Nagar
28.537618,77.209857,0.46768831555150103,28.5355,Malviya Nagar
28.536877,77.215017,0.6386394961545523,28.5355,Malviya Nagar
28.538236,77.213741,0.46390243652267,28.5355,Malviya Nagar
28.535919,77.212298,0.5719486320209093,28.5355,Malviya Nagar
28.523373,77.185158,0.5767125995797319,28.5245,Mehrauli
28.522101,77.186423,0.6807715136589297,28.5245,Mehrauli
28.523894,77.183884,0.6749913398614406,28.5245,Mehrauli
28.528021,77.183635,0.5426849547135666,28.5245,Mehrauli
28.521808,77.182337,0.6560955534537063,28.5245,Mehrauli
28.525717,77.184608,0.589320627105838,28.5245,Mehrauli
28.523194,77.181106,0.5315078267393928,28.5245,Mehrauli
28.526378,77.18513,0.5498068708191243,28.5245,Mehrauli
28.524498,77.184027,0.5937193391930269,28.5245,Mehrauli
28.524525,77.181435,0.5815393354265594,28.5245,Mehrauli
28.524223,77.19006,0.6244455005878902,28.5245,Mehrauli
28.523633,77.184806,0.5806094657312864,28.5245,Mehrauli
28.526543,77.186356,0.5976161159193064,28.5245,Mehrauli
28.521386,77.18852,0.5867997753866102,28.5245,Mehrauli
28.523377,77.184426,0.6778447300048716,28.5245,Mehrauli
28.523248,77.191122,0.544739757959124,28.5245,Mehrauli
28.523619,77.184778,0.5812299918012384,28.5245,Mehrauli
28.521946,77.183991,0.6192214718809829,28.5245,Mehrauli
28.52527,77.185451,0.6305789682510403,28.5245,Mehrauli
28.526836,77.184716,0.5804897352916735,28.5245,Mehrauli
28.527143,77.186373,0.6022093917479793,28.5245,Mehrauli
28.522923,77.185089,0.5497224029552539,28.5245,Mehrauli
28.524245,77.1795,0.47211601310829965,28.5245,Mehrauli
28.522567,77.185947,0.5430868007862393,28.5245,Mehrauli
28.527091,77.184862,0.5948245675785137,28.5245,Mehrauli
28.528444,77.186077,0.6316157670233773,28.5245,Mehrauli
28.518619,77.18603,0.6943670473127973,28.5245,Mehrauli
28.524858,77.18836,0.6824287361486934,28.5245,Mehrauli
28.52412,77.179315,0.6038153405424523,28.5245,Mehrauli
28.524777,77.188084,0.527876657457717,28.5245,Mehrauli
28.523767,77.188411,0.5393841285854021,28.5245,Mehrauli
28.521591,77.188301,0.5146951529891121,28.5245,Mehrauli
28.526857,77.185508,0.59370197837265,28.5245,Mehrauli
28.525218,77.18502,0.5309184338032461,28.5245,Mehrauli
28.519975,77.184323,0.5398199892552273,28.5245,Mehrauli
28.526185,77.184754,0.6233112561325739,28.5245,Mehrauli
28.524586,77.183005,0.7163902668213296,28.5245,Mehrauli
28.522135,77.183955,0.5578758978715637,28.5245,Mehrauli
28.523315,77.187566,0.528869570076169,28.5245,Mehrauli
28.526465,77.186223,0.5885000401986109,28.5245,Mehrauli
28.503509,77.297383,0.7294918197176238,28.502,Badarpur border
28.506074,77.291568,0.7154517552604336,28.502,Badarpur border
28.503666,77.295181,0.7799777234912914,28.502,Badarpur border
28.49847,77.296162,0.8125426817145633,28.502,Badarpur border
28.498563,77.297175,0.7510625805447527,28.502,Badarpur border
28.50414,77.298743,0.7427790218668289,28.502,Badarpur border
28.501505,77.291687,0.7743555099244382,28.502,Badarpur border
28.501627,77.290696,0.6266469909552517,28.502,Badarpur border
28.503682,77.294538,0.6920264628425549,28.502,Badarpur border
28.502804,77.292162,0.7570142166826458,28.502,Badarpur border
28.503855,77.295391,0.7217105059166399,28.502,Badarpur border
28.505642,77.295249,0.7435324793052036,28.502,Badarpur border
28.501092,77.295536,0.7553520362548449,28.502,Badarpur border
28.501683,77.295808,0.6896625578676218,28.502,Badarpur border
28.500258,77.295191,0.7444102319866785,28.502,Badarpur border
28.501544,77.293725,0.7583669348860287,28.502,Badarpur border
28.500472,77.294609,0.7453302954839728,28.502,Badarpur border
28.500876,77.29312,0.6593482207400646,28.502,Badarpur border
28.501645,77.297635,0.7775111879248726,28.502,Badarpur border
28.50182,77.294781,0.7563064528057777,28.502,Badarpur border
28.50124,77.297601,0.8182317759941543,28.502,Badarpur border
28.500842,77.296603,0.721339672155972,28.502,Badarpur border
28.50107,77.291575,0.7419334083708504,28.502,Badarpur border
28.502857,77.290951,0.7680578606858925,28.502,Badarpur border
28.500789,77.294767,0.7033057587003223,28.502,Badarpur border
28.502582,77.294509,0.7637870481880474,28.502,Badarpur border
28.500153,77.299539,0.7178926593143654,28.502,Badarpur border
28.502787,77.295219,0.7819853453534562,28.502,Badarpur border
28.501307,77.29443,0.6535274092668796,28.502,Badarpur border
28.505041,77.293537,0.7372408538944893,28.502,Badarpur border
28.499127,77.298653,0.7293041446845149,28.502,Badarpur border
28.501756,77.294434,0.6495315306220729,28.502,Badarpur border
28.505729,77.291067,0.7458207141377202,28.502,Badarpur border
28.503736,77.297111,0.7273979232712395,28.502,Badarpur border
28.501098,77.297629,0.6921013995726903,28.502,Badarpur border
28.501081,77.295933,0.6980102075255296,28.502,Badarpur border
28.501397,77.299139,0.7505677210129104,28.502,Badarpur border
28.500074,77.296935,0.7325743265508908,28.502,Badarpur border
28.499478,77.294231,0.7368838509352347,28.502,Badarpur border
28.500972,77.296947,0.8095361369340586,28.502,Badarpur border
28.504354,77.294284,0.789302216019304,28.502,Badarpur border
28.501597,77.297865,0.7369052960753165,28.502,Badarpur border
28.502668,77.296833,0.755506817643827,28.502,Badarpur border
28.501539,77.29678,0.6715473761905101,28.502,Badarpur border
28.503629,77.296108,0.7616475603811342,28.502,Badarpur border
